{
  "file_hashes": {},
<<<<<<< HEAD
  "last_import": 1753129822.370725,
=======
  "last_import": 1752796081.639582,
>>>>>>> 7520c16b5c914093307c30b16f1d98ae5c12e909
  "startup_completed": true
}